{"routes":[{"geometry":"w_reF`kgjVPjC@PLCZC|@MB?z@KPCAQImAKaBAMMcBAUC[ASMmBImAGcAAECc@QiCUkDQmCW}D]qFIsAOqBIyAMcBAYCWa@iGAWC]CUc@cHNC`@GB?D@BAZClAOVEXGtC]rDc@fBQFApAQrBUHCFAFEFGFKLULUFKFKFKPOz@mA~@mAJOrAiBtAkBfA{AxAmBt@cAT[RYrCyDtCyDr@aAj@w@|@kAr@_AfCcDxCgEp@aATUp@s@`@Wj@Wh@Cz@E`CK`AEv@CfCMbAEMgEKaEIaEK_EbG[|FWNC~EUN@L@tAGzCOJ~D|FWpAGBAB?@A@ALG@A@?BA@?B?@@@@@B?@BN?@@BB?@@","legs":[{"annotation":{"nodes":[4784302686,4784302682,65365172,4784302680,5270986780,5270986779,5433624613,4784302660,65308302,4784302659,5433624618,5433624585,5433624555,4784302664,258759749,65308300,4784302666,5433624582,5433624579,5271590735,5271590639,601280453,4911554713,2351399563,4911554709,2351399560,4911554701,5352470014,5433624499,5429030142,1243846501,65308289,1243846514,1243846537,65308287,258758554,1243846506,65308283,4018809944,4018809937,4018809932,4018809919,4018809929,65327146,1580501217,65327144,1243846487,65372425,4720933147,65324327,4177105001,65325366,4016379791,65327136,1723738892,1723739226,1723739197,4018809898,1723738951,4720933158,4998861437,4061762656,5257236558,2884715022,65318308,65306958,65306940,65351748,65319555,65325208,65306838,5434001054,5434001049,65351751,65317570,65351753,5435462806,65317752,539990269,4186457681,65283764,3999577857,65351755,65358372,4761685555,4761685554,295219504,65303897,3999566849,3999561016,65308764,3999511206,3999495551,65308767,65345333,65310196,65340079,65328382,65317347,65290931,65328390,65328395,65324922,1264273809,5443111059,65293503,65293506,65340082,1264273796,4045366517,266903666,4045366511,4045366526,4045366501,728867935,4045366503,65340086,4045366531,1264296832,4045366522,65340090,4045366513,65340092,65340096,4045366532,728863237,4045366515,1264296819],"distance":[61.78911719499301,8.005870139027868,7.759236367491888,16.218210852236638,34.702491133663294,2.1296922044642375,34.01569713848012,10.25848607823369,8.370665933525826,33.91665057462367,44.16292418618019,5.71461054557965,44.961701083432686,9.34312359965103,12.834233746021397,8.978674003644308,48.699438946727334,35.30623289124711,30.33907283621221,2.5711295719997502,15.682193415494849,61.07751906686583,77.19342073965032,62.86622958049117,85.0253722355309,107.3065477252522,37.56309620154151,51.10887066054619,39.45635113069872,45.13469133678255,10.87152545777115,11.218562875420577,118.41998028816809,10.054979395002901,13.441365621845776,9.899453653643487,130.0897745234779,9.361400186737145,19.29581285450625,2.780657500381912,2.5956907927038757,2.4485571685608805,15.998559299664745,43.46368692909429,13.65878604668147,15.27410371531096,83.78262158326098,101.70545548543072,58.035805285351024,5.507220756949511,46.073030438524555,64.76307027038081,6.131029435168475,4.856565792614805,5.042653827082274,5.838204103483727,6.430704161099769,12.070301310104123,12.691072891850418,6.414376849624444,7.251499988698066,7.251502370524738,12.245897001305758,47.07746310473586,49.7085872073418,10.006926395740319,65.76737827104486,66.9331708737475,57.72591261839857,69.14191600033729,42.24814266349312,17.37145160008121,15.979691597820226,115.95449195416666,117.00316360696885,40.77794786767445,35.36882186831562,47.81610361112862,40.747077529085345,104.28833385320196,122.1491598381078,40.76337755157434,14.990850250898449,36.59437600283772,20.82925538207349,26.57837311899057,23.633026596769554,34.24820044233948,72.05868433805037,36.47298929861723,31.6646576147614,75.73201345870328,37.7275112208842,88.12672247969385,84.96277203576723,85.51587565498467,85.37404908705341,145.22063173741134,142.28452392043692,9.424483651329783,123.9367810487205,9.325528541113664,7.699257912414974,48.74599424747319,86.33471790406833,84.56531658789815,141.65755034415764,46.08468915479624,2.2675599932459636,2.1220692450736567,1.6744149593511495,1.708699266951245,7.683223619704564,1.84658454260673,1.6180500371443371,1.689121948623264,1.4486133063155147,1.5670682617916714,1.4698163191713105,1.5067116313275537,1.5910952866295878,1.559693966970531,6.717659629902365,1.5572084802655337,1.7573463934158997,1.411314740137675,1.7050692236693632],"duration":[8.3,1.1,2.5,5.3,11.4,0.7,12.2,3.7,1.2,4.9,4.7,0.6,7.7,1.6,5.1,2.3,12.5,2.7,2.5,0.2,1.3,5,11.1,8.1,7.5,11.4,16.9,6.1,5.3,5.4,1.3,3.7,38.8,3.3,2,1.9,24.6,1.5,3,0.4,0.4,0.4,2.5,6,1.9,3.1,16.8,20.3,12.3,1,8.7,12.3,1.2,0.9,1,1.1,1.2,2.3,2.4,1.2,1.3,1,1.7,7.4,7.8,1.2,14.8,6.5,5.2,6.7,4.6,1.6,1.9,13.5,11.4,4,3.5,4.2,3.6,9.2,13.7,14.7,5.4,5.3,3,4.8,4.1,3.2,6.7,3.4,3.8,9.1,4.5,11.3,10.2,14,13.4,29,24.4,1.3,17.2,1.3,1,6.5,13,15.2,26.8,9.2,0.6,0.6,0.5,0.5,2.1,0.5,0.4,0.5,0.4,0.4,0.4,0.4,0.4,0.4,1.9,0.4,0.5,0.4,0.5],"speed":[7.4,7.3,3.1,3.1,3,3,2.8,2.8,7,6.9,9.4,9.5,5.8,5.8,2.5,3.9,3.9,13.1,12.1,12.9,12.1,12.2,7,7.8,11.3,9.4,2.2,8.4,7.4,8.4,8.4,3,3.1,3,6.7,5.2,5.3,6.2,6.4,7,6.5,6.1,6.4,7.2,7.2,4.9,5,5,4.7,5.5,5.3,5.3,5.1,5.4,5,5.3,5.4,5.2,5.3,5.3,5.6,7.3,7.2,6.4,6.4,8.3,4.4,10.3,11.1,10.3,9.2,10.9,8.4,8.6,10.3,10.2,10.1,11.4,11.3,11.3,8.9,2.8,2.8,6.9,6.9,5.5,5.8,10.7,10.8,10.7,8.3,8.3,8.4,7.8,8.3,6.1,6.4,5,5.8,7.2,7.2,7.2,7.7,7.5,6.6,5.6,5.3,5,3.8,3.5,3.3,3.4,3.7,3.7,4,3.4,3.6,3.9,3.7,3.8,4,3.9,3.5,3.9,3.5,3.5,3.4],"congestion":["low","low","low","low","low","low","low","low","low","low","low","low","low","low","low","low","low","low","low","low","low","low","low","moderate","low","low","low","low","low","low","low","low","low","low","low","low","low","low","low","low","low","moderate","low","low","low","moderate","moderate","moderate","moderate","low","low","low","low","low","low","low","low","low","low","low","low","low","low","moderate","moderate","low","moderate","low","low","low","low","low","low","low","low","low","low","low","low","low","low","low","low","low","low","low","low","low","low","low","low","low","low","low","low","low","moderate","low","low","low","low","low","low","low","low","low","low","low","low","low","low","low","low","low","low","low","low","low","low","low","low","low","low","low","low","low","low"],"maxspeed":[{"speed":30,"unit":"mph"},{"speed":30,"unit":"mph"},{"unknown":true},{"unknown":true},{"unknown":true},{"unknown":true},{"unknown":true},{"unknown":true},{"speed":30,"unit":"mph"},{"speed":30,"unit":"mph"},{"speed":30,"unit":"mph"},{"speed":30,"unit":"mph"},{"speed":30,"unit":"mph"},{"speed":30,"unit":"mph"},{"speed":30,"unit":"mph"},{"speed":30,"unit":"mph"},{"speed":30,"unit":"mph"},{"speed":30,"unit":"mph"},{"speed":30,"unit":"mph"},{"speed":30,"unit":"mph"},{"speed":30,"unit":"mph"},{"speed":30,"unit":"mph"},{"speed":30,"unit":"mph"},{"speed":30,"unit":"mph"},{"speed":30,"unit":"mph"},{"speed":30,"unit":"mph"},{"speed":30,"unit":"mph"},{"speed":30,"unit":"mph"},{"speed":30,"unit":"mph"},{"speed":30,"unit":"mph"},{"speed":30,"unit":"mph"},{"speed":30,"unit":"mph"},{"speed":30,"unit":"mph"},{"speed":30,"unit":"mph"},{"speed":25,"unit":"mph"},{"speed":25,"unit":"mph"},{"speed":25,"unit":"mph"},{"speed":25,"unit":"mph"},{"speed":25,"unit":"mph"},{"speed":25,"unit":"mph"},{"speed":25,"unit":"mph"},{"speed":25,"unit":"mph"},{"speed":25,"unit":"mph"},{"speed":25,"unit":"mph"},{"speed":25,"unit":"mph"},{"speed":25,"unit":"mph"},{"speed":25,"unit":"mph"},{"speed":25,"unit":"mph"},{"speed":25,"unit":"mph"},{"speed":25,"unit":"mph"},{"speed":25,"unit":"mph"},{"speed":25,"unit":"mph"},{"speed":25,"unit":"mph"},{"speed":25,"unit":"mph"},{"speed":25,"unit":"mph"},{"speed":25,"unit":"mph"},{"speed":25,"unit":"mph"},{"speed":25,"unit":"mph"},{"speed":25,"unit":"mph"},{"speed":25,"unit":"mph"},{"speed":25,"unit":"mph"},{"speed":30,"unit":"mph"},{"speed":30,"unit":"mph"},{"speed":30,"unit":"mph"},{"speed":30,"unit":"mph"},{"speed":30,"unit":"mph"},{"speed":30,"unit":"mph"},{"speed":30,"unit":"mph"},{"speed":30,"unit":"mph"},{"speed":30,"unit":"mph"},{"speed":30,"unit":"mph"},{"speed":30,"unit":"mph"},{"speed":30,"unit":"mph"},{"speed":30,"unit":"mph"},{"speed":30,"unit":"mph"},{"speed":30,"unit":"mph"},{"speed":30,"unit":"mph"},{"speed":30,"unit":"mph"},{"speed":30,"unit":"mph"},{"speed":30,